,start,end,,,
2014,2014-07-09,2014-07-09,,,
,2014-07-25,2014-07-25,,,
,2014-07-30,2014-08-02,,,
2015,2015-07-10,2015-07-11,,,
,2015-07-15,2015-07-15,,,
,2015. 7. 22,2015. 7. 22,,,정규화 가능 
,2015. 7. 28,2015. 7. 28,,,DID
,2015- 7-30,2015. 8. 1,,,
,2015. 8. 6,2015. 8. 8,,,
2016,2016. 7. 11,2016. 7. 11,,,
,2016. 7. 20,2016. 7. 20,,,
,2016. 7. 22,2016. 7. 22,,,
,2016. 7. 30,2016. 8. 1,,,
,2016. 8. 3,2016. 8. 13,,,
,2016. 8. 16,2016. 8. 22,,,
2017,2017. 7. 6,2017. 7. 6,,,
,2017. 7. 14,2017. 7. 14,,,
,2017. 7. 19,2017. 7. 22,,,
,2017. 7. 25,2017. 7. 25,,,
,2017. 8. 1,2017. 8. 7,,,
2018,2018. 7. 4,2018. 7. 4,,,
,2018. 7. 14,2018. 7. 16,,,
,2018. 7. 18,2018. 8. 16,,,
,2018. 8. 22,2018. 8. 22,,,
2019,2019. 7. 5,2019. 7. 6,,,
,2019. 7. 18,2019. 7. 19,,,
,2019. 7. 23,2019. 7. 23,,,
,2019. 7. 29,2019. 7. 30,,,
,2019. 8. 1,2019. 8. 6,,,
,2019. 8. 8,2019. 8. 11,,,
,2019. 8. 13,2019. 8. 14,,,
,2019. 7. 27,2019. 7. 27,,,
2020,2020. 6. 22,2020. 6. 22,,,
,2020. 8. 4,2020. 8. 4,,,
,2020. 8. 10,2020. 8. 10,,,
,2020. 8. 12,2020. 8. 13,,,
,2020. 8. 16,2020. 8. 20,,,
,2020. 8. 24,2020. 8. 26,,,
,2020. 8. 28,2020. 8. 28,,,
,2020. 8. 30,2020. 8. 30,,,
2021,2021. 7. 12,2021. 7. 16,,,
,2021. 7. 19,2021. 7. 31,,,
,2021. 8. 3,2021. 8. 5,,,
2022,2022. 7. 2,2022. 7. 6,,,
,2022. 7. 10,2022. 7. 10,,,
,2022. 7. 26,2022. 7. 29,,,
,2022. 8. 1,2022. 8. 1,,,
,2022. 8. 3,2022. 8. 5,,,
,2022. 8. 7,2022. 8. 7,,,
,2022. 8. 20,2022. 8. 20,,,
,2022. 9. 18,2022. 9. 18,,,
2023,2023. 7. 1,2023. 7. 1,,,
,2023. 7. 21,2023. 7. 21,,,
,2023. 7. 27,2023. 8. 1,,,
,2023. 8. 3,2023. 8. 8,,,
,2023. 8. 14,2023. 8. 14,,,
,2023. 8. 18,2023. 8. 19,,,