,start,end
2014,2014. 7. 31,2014. 7. 31
2015,2015. 7. 10,2015. 7. 10
,2015. 7. 26,2015. 7. 26
,2015. 7. 29,2015. 7. 31
,2015. 8. 4,2015. 8. 7
2016,2016. 7. 9,2016. 7. 9
,2016. 7. 22,2016. 7. 24
,2016. 7. 26,2016. 8. 1
,2016. 8. 4,2016. 8. 18
,2016. 8. 20,2016. 8. 22
,2016. 8. 24,2016. 8. 24
2017,2017. 7. 9,2017. 7. 9
,2017. 7. 13,2017. 7. 13
,2017. 7. 16,2017. 7. 16
,2017. 7. 19,2017. 7. 27
,2017. 7. 29,2017. 7. 29
,2017. 8. 1,2017. 8. 7
,2017. 8. 23,2017. 8. 24
2018,2018. 7. 12,2018. 7. 21
,2018. 7. 23,2018. 8. 13
,2018. 8. 15,2018. 8. 16
,2018. 8. 22,2018. 8. 22
,2018. 8. 28,2018. 8. 28
2019,2019. 7. 22,2019. 7. 22
,2019. 7. 30,2019.08.10
,2019. 8. 13,2019. 8. 14
2020,2020. 8. 4,2020. 8. 4
,2020. 8. 9,2020. 8. 9
,2020. 8. 12,2020. 8. 21
,2020. 8. 23,2020. 8. 26
,2020. 8. 28,2020. 8. 28
,2020. 8. 30,2020. 8. 31
2021,2021. 7. 12,2021. 7. 12
,2021. 7. 16,2021. 7. 16
,2021. 7. 22,2021. 7. 23
,2021. 7. 27,2021. 7. 31
,2021. 8. 4,2021. 8. 7
2022,2022. 7. 6,2022. 7. 6
,2022. 7. 10,2022. 7. 10
,2022. 7. 29,2022. 7. 29
,2022. 8. 4,2022. 8. 7
,2022. 8. 14,2022. 8. 14
2023,2023. 7. 2,2023. 7. 2
,2023. 7. 29,2023. 8. 8
,2023. 8. 14,2023. 8. 15
,2023. 8. 19,2023. 8. 21